{
    "Kinect": {
        "Sphere": {
            "rmse": 8.607818318662261,
            "inlier_rmse": 8.607818318662257
        }
    },
    "Point_E": {
        "Sphere": {
            "rmse": 4.1139581968526695,
            "inlier_rmse": 4.113958196852664
        }
    },
    "PolyCam": {
        "Sphere": {
            "rmse": 2.994735520223088,
            "inlier_rmse": 2.9947355202230956
        }
    }
}