{
    "Kinect": {
        "Sphere": {
            "std": 4.9736393158062215,
            "min": 0.09661014794021752,
            "max": 29.97561512539147,
            "mean": 7.025485617618488
        }
    },
    "Point_E": {
        "Sphere": {
            "std": 1.6745889613287337,
            "min": 0.19962724179593772,
            "max": 12.259076164023478,
            "mean": 3.7577125829481983
        }
    },
    "PolyCam": {
        "Sphere": {
            "std": 1.2098655683787307,
            "min": 0.08626828231992469,
            "max": 10.94870199252522,
            "mean": 2.7394645722362365
        }
    },
    "STANDARDS": {
        "MAX_PROB_DENSITY": 0.4768218144215669,
        "MAX_DISTANCE": 29.97561512539147
    }
}