{
    "Kinect": {
        "Sphere": {
            "rmse": 8.609763303865458,
            "inlier_rmse": 8.609763303865462
        }
    },
    "Point_E": {
        "Sphere": {
            "rmse": 4.105276928778276,
            "inlier_rmse": 4.10527692877828
        }
    },
    "PolyCam": {
        "Sphere": {
            "rmse": 2.9913084680863293,
            "inlier_rmse": 2.9913084680863324
        }
    }
}