{
    "Kinect": {
        "sphere": {
            "std": 4.973420418076876,
            "min": 0.16718731203498563,
            "max": 30.077335826167406,
            "mean": 7.021800595752825
        },
        "box": {
            "std": 0.25,
            "min": 0.1,
            "max": 0.5,
            "mean": 0.2
        }
    },
    "Point_E": {
        "sphere": {
            "std": 1.6911794092326795,
            "min": 0.25230212271326996,
            "max": 12.144698731123622,
            "mean": 3.7381894360285712
        },
        "box": {
            "std": 0.25,
            "min": 0.1,
            "max": 0.5,
            "mean": 0.2
        }
    },
    "PolyCam": {
        "sphere": {
            "std": 1.2131191363962992,
            "min": 0.1596313568523389,
            "max": 10.787155376209089,
            "mean": 2.7450058910405244
        },
        "box": {
            "std": 0.25,
            "min": 0.1,
            "max": 0.5,
            "mean": 0.2
        }
    }
}