{
	"Kinect": {
		"Sphere": {
			"std": 4.9624861040558255,
			"min": 0.3101614514309228,
			"max": 29.979478921225887,
			"mean": 7.035748419012799
		}
	},
	"Point_E": {
		"Sphere": {
			"std": 1.6615771702337354,
			"min": 0.10009169648182897,
			"max": 11.923256169982691,
			"mean": 3.753992537195199
		}
	},
	"PolyCam": {
		"Sphere": {
			"std": 1.2070924555054363,
			"min": 0.08723777930177717,
			"max": 10.794643562692107,
			"mean": 2.736942482973809
		}
	},
	"STANDARDS": {
		"MAX_PROB_DENSITY": 0,
		"MAX_DISTANCE": 0
	}
}
