{
	"kinect": {
		"sphere": {
			"rmse": 0.17068160383701134,
			"inlier_rmse": 0.0
		},
		"box": {
			"rmse": 0.17068160383701134,
			"inlier_rmse": 0.0
		}
	},
	"point_e": {
		"sphere": {
			"rmse": 0.17068160383701134,
			"inlier_rmse": 0.0
		},
		"box": {
			"rmse": 0.17068160383701134,
			"inlier_rmse": 0.0
		}
	},
	"polycam": {
		"sphere": {
			"rmse": 0.17068160383701134,
			"inlier_rmse": 0.0
		},
		"box": {
			"rmse": 0.17068160383701134,
			"inlier_rmse": 0.0
		}
	}
}
