{
    "Kinect": {
        "sphere": {
            "rmse": 5.539444552871671,
            "inlier_rmse": 8.603723076940591
        },
        "box": {
            "rmse": 0.17068160383701134,
            "inlier_rmse": 0.0
        }
    },
    "Point_E": {
        "sphere": {
            "rmse": 5.353448665117749,
            "inlier_rmse": 4.096467752019438
        },
        "box": {
            "rmse": 0.17068160383701134,
            "inlier_rmse": 0.0
        }
    },
    "PolyCam": {
        "sphere": {
            "rmse": 10.467326222545072,
            "inlier_rmse": 2.9961106629885674
        },
        "box": {
            "rmse": 0.17068160383701134,
            "inlier_rmse": 0.0
        }
    }
}