{
    "Kinect": {
        "sphere": {
            "rmse": 8.604684437064423,
            "inlier_rmse": 8.60468443706442
        },
        "box": {
            "rmse": 0.17068160383701134,
            "inlier_rmse": 0.0
        }
    },
    "Point_E": {
        "sphere": {
            "rmse": 4.102943827771494,
            "inlier_rmse": 4.102943827771502
        },
        "box": {
            "rmse": 0.17068160383701134,
            "inlier_rmse": 0.0
        }
    },
    "PolyCam": {
        "sphere": {
            "rmse": 3.0011190214548447,
            "inlier_rmse": 3.001119021454837
        },
        "box": {
            "rmse": 0.17068160383701134,
            "inlier_rmse": 0.0
        }
    }
}