{
    "Kinect": {
        "sphere": {
            "std": 3.6237777944675824,
            "min": 0.04180366930335929,
            "max": 23.443579956048463,
            "mean": 4.189711261013494
        },
        "box": {
            "std": 0.25,
            "min": 0.1,
            "max": 0.5,
            "mean": 0.2
        }
    },
    "Point_E": {
        "sphere": {
            "std": 2.3007673097267505,
            "min": 0.1376272815995617,
            "max": 18.409163559833008,
            "mean": 4.833826889385234
        },
        "box": {
            "std": 0.25,
            "min": 0.1,
            "max": 0.5,
            "mean": 0.2
        }
    },
    "PolyCam": {
        "sphere": {
            "std": 9.442620179606505,
            "min": 0.08023149422576784,
            "max": 64.28471668807451,
            "mean": 4.51683986796828
        },
        "box": {
            "std": 0.25,
            "min": 0.1,
            "max": 0.5,
            "mean": 0.2
        }
    }
}